"","NBN_ID","company_name","address_dr","post_dr","match_row"
"1",1,"Brandt, Jonathan F Esq","171 E 24th St",7325,1
"2",2,"Landrum Temporary Services","22222 Acoma Street",4713,2
"3",3,"Inabinet, Macre Esq","534 Schoenborn St #51",7215,3
"4",4,"Morris Downing & Sherred","69206 Jackson Ave",2640,4
"5",5,"Buelt, David L Esq","808 Glen Cove Ave",1595,5
"6",6,"Artesian Ice & Cold Storage Co","373 Lafayette St",6316,6
"7",7,"Midway Hotel","87 Sylvan Ave",6258,7
"8",8,"Selsor, Robert J Esq","60562 Ky Rt 321",2803,8
"9",9,"Vincent J Petti & Co","70 S 18th Pl",4356,9
"10",10,"Prentiss, Paul F Esq","8839 Ventura Blvd",5358,10
"11",11,"Public Works Department","3684 N Wacker Dr",4353,11
"12",12,"Prudential Lighting Corp","68828 S 32nd Street #6",7240,12
"13",13,"Wood, J Scott Esq","43157 Cypress St",5343,13
"14",14,"Swanson Peterson Fnrl Home Inc","6 S Hanover Ave",6931,14
"15",15,"Old Cider Mill Grove","27916 Tarrytown Rd",4030,15
"16",16,"Cooper Myers Y Co","79620 Timber Dr",2820,16
"17",17,"Angelo International","387 Airway Cir #62",4560,17
"18",18,"Blackley, William J Pa","570 W Pine St",2259,18
"19",19,"Phoenix Phototype","823 Fishers Ln",2603,19
"20",20,"Quartzite Processing Inc","4 Brookcrest Dr #7786",4611,20
"21",21,"Biltmore Textile Co Inc","72 Wyoming Ave",2816,21
"22",22,"Gateway Refrigeration","754 Sammis Ave",2389,22
"23",23,"Anchorage Yamaha","660 N Green St",5505,23
"24",24,"Wynns Precision Inc Az Div","970 Waterloo Rd",4879,24
"25",25,"Paragon Cable Tv","4129 Abbott Dr",3959,25
"26",26,"Eagle Computer Services Inc","1529 Prince Rodgers Ave",4816,26
"27",27,"Kansas Association Ins Agtts","2 N Valley Mills Dr",7264,27
"28",28,"Di Giacomo, Richard F Esq","50968 Kurtz St #45",4411,28
"29",29,"Butler, Frank B Esq","71585 S Ayon Ave #9",810,29
"30",30,"Alphagraphics Printshops","8 Old County Rd #3",3250,30
"31",31,"Voyager Travel Service","13904 S 35th St",2439,31
"32",32,"N Amer Plast & Chemls Co Inc","6149 Kapiolani Blvd #6",4443,32
"33",33,"D L Downing General Contr Inc","95431 34th Avenue #62",7909,33
"34",34,"Community Insurance Agy Inc","25 Swift Ave",4066,34
"35",35,"House Of Ing","14304 Old Alexandria Ferry Rd",3357,35
"36",36,"Vei Inc","1585 Salem Church Rd #59",2083,36
"37",37,"Hanna, Robert J Esq","75962 E Drinker Street",4605,37
"38",38,"Design Rite Homes Inc","8978 W Henrietta Rd",4311,38
"39",39,"State Library","86 Worth St #272",6532,39
"40",40,"Vista Grande Baptist Church","15 Campville Rd #191",4722,40
"41",41,"Poole Publications Inc","3 N Ridge Ave",5564,41
"42",42,"Affilated Consulting Group Inc","3713 Poway Rd",2552,42
"43",43,"Northwestern Mutual Life Ins","1 E 17th St",3250,43
"44",44,"Barrett Burke Wilson Castl","5 Liberty Ave",3557,44
"45",45,"Helricks Inc","404 Broxton Ave",2261,45
"46",46,"Wynn, Mary Ellen Esq","4 S Main St #285",4719,46
"47",47,"Mackraft Signs","1255 W Passaic Street #1553",2372,47
"48",48,"Ansaring Answering Service","377 Excalibur Dr",3002,48
"49",49,"Joiner & Goudeau Law Offices","7 Wilshire Blvd",4068,49
"50",50,"Cox, J Thomas Jr","7 Hugh Wallis Rd",6734,50
"51",51,"Bill, Michael M","7177 E 14th St",4562,51
"52",52,"A B C Tank Co","67765 W 11th Street",6380,52
"53",53,"Jolley, Mark A Cpa","99968 Merced St #79",3529,53
"54",54,"Melco Embroidery Systems","40 E 19th Ave",2257,54
"55",55,"Witchs Brew","84826 Plaza Dr",2030,55
"56",56,"Funding Equity Corp","20214 W Main St",3971,56
"57",57,"Saturn Of Delray","8039 Howard Ave",4350,57
"58",58,"Motel 6","8 Austin Bluffs Pky",6472,58
"59",59,"Ultimate In Womens Apparel The","96605 Pioneer Rd",2441,59
"60",60,"Ballinger, Maria Chan Esq","6 Hope Rd #10",4742,60
"61",61,"N E Industrial Distr Inc","65898 E St Nw",4897,61
"62",62,"Joondeph, Jerome J Esq","39 Broad Street",2192,62
"63",63,"Art In Forms","654 Seguine Avenue",8258,63
"64",64,"Central Hudson Ent Corp","78 31st St",2446,64
"65",65,"Marscher, William F Iii","35673 Annapolis Rd #190",4359,65
"66",66,"Smith, Sean O Esq","98247 Russell Blvd",4053,66
"67",67,"Maverik Country Stores Inc","3 S Willow Street #82",2669,67
"68",68,"United Christian Cmnty Crdt Un","199 Maple Avenue",2284,68
"69",69,"Radecker, H Philip Jr","423 S Navajo St #56",4816,69
"70",70,"Cullen, Jack J Esq","5 30w W #3083",2676,70
"71",71,"Kszl Am Radio","57245 W Union Blvd #25",3089,71
"72",72,"Blewett, Yvonne S","971 NorthweStreet Blvd",3730,NA
"73",73,"Sheraton Inn Atlanta Northwest","1089 Pacific Coast Hwy",4341,73
"74",74,"Preston, Anne M Esq","6787 Emerson St",3995,74
"75",75,"A & A Custom Rubber Stamps","8 Middletown Blvd #708",6311,75
"76",76,"Hirsch, Walter W Esq","56 Tank Farm Rd",6352,76
"77",77,"Jones, Peter B Esq","503 Fulford Ave",3927,77
"78",78,"Sterling Institute","8275 Calle De Industrias",7140,78
"79",79,"Cross Western Store","92 South St",4740,79
"80",80,"Demer Normann Smith Ltd","56710 Euclid Ave",4521,80
"81",81,"Ny Stat Trial Lawyers Assn","5210 E Airy St #2",4810,81
"82",82,"Mann, Charles E Esq","31 Schuyler Ave",3450,82
"83",83,"Airnetics Engineering Co","661 Plummer St #963",6603,83
"84",84,"American Pie Co Inc","1351 Simpson St",3860,84
"85",85,"Brown Chiropractic","2391 Pacific Blvd",7315,85
"86",86,"Classic Video Duplication Inc","1886 2nd Ave",7172,86
"87",87,"Mcclier Corp","52404 S Clinton Ave",5374,87
"88",88,"Gormley Lore Murphy","405 W Lee St",3221,88
"89",89,"Thudium Mail Advg Company","5656 N Fiesta Blvd",6355,89
"90",90,"Jen E Distributing Co","9 Beverly Rd #5",3783,90
"91",91,"Re/max Realty Services","96 Armitage Ave",3650,91
"92",92,"Roundys Pole Fence Co","523 N Prince Street",5272,92
"93",93,"Chadds Ford Winery","6926 Orange Avenue",7037,93
"94",94,"Barragar, Anne L Esq","6940 Prospect Pl",2710,94
"95",95,"Kvoo Radio","52347 San Fernando Rd",4741,95
"96",96,"Donovan, William P Esq","5399 Mcwhorter Rd",2340,96
"97",97,"Overseas General Business Co","7 Hall Street",2448,97
"98",98,"Nilad Machining","5 W Allen St",2333,98
"99",99,"Byrne, Beth Hobbs","15126 Goldenwest St",4350,99
"100",100,"Dileo, Lucille A Esq","94 I 55s S",6954,100
"101",101,"First Express","288 N 168th Ave #266",3134,101
"102",102,"Elbin Internatl Baskets","5 Richmond Ct",7006,102
"103",103,"Multiform Business Printing","28 Aaronwood Avenue Ne",3470,103
"104",104,"Jin Shin Travel Agency","39701 6th Ave #1485",4703,104
"105",105,"Electra Gear Divsn Regal","35662 S University Blvd",6935,105
"106",106,"Sparta Home Center","73 Dennison St #70",6210,106
"107",107,"R A C E Enterprises Inc","9591 Bayshore Rd #637",2665,107
"108",108,"Jersey Wholesale Fence Co Inc","57 N Weinbach Avenue",4670,108
"109",109,"Ryan, Barry M Esq","286 Santa Rosa Ave",1595,109
"110",110,"Albright, Alexandra W Esq","446 Woodward Ave #1",3074,110
"111",111,"Gazette Record","1 Jenks Ave",4065,111
"112",112,"Cochnower Pest Control","7 Valley Blvd",3985,112
"113",113,"Als Village Stationers","42741 Anania Dr",6730,113
"114",114,"A B C Pattern & Foundry Co","5 Shakespeare Ave",5062,114
"115",115,"Gaddis Court Reporting","245 5th Ave",7112,115
"116",116,"Howard Johnson","2 Gateway Ctr",4122,116
"117",117,"Sunrise Cirby Animal Hospital","3175 NorthweStreetern Hwy",7321,NA
"118",118,"Braid Electric Co","8 S Plaza Dr",3888,118
"119",119,"Lisko, Roy K Esq","8 Collins Ave",2650,119
"120",120,"House Of Ing","9526 Lincoln St",5116,120
"121",121,"Hassanein, Nesa E Esq","406 E 4th St",2491,121
"122",122,"Frasier Karen L Kolligs","361 Via Colinas",6386,122
"123",123,"Arc Of Montgomery County Inc","94 S Jefferson Rd",4240,123
"124",124,"Redington, Thomas P Esq","8961 S Central Expy",6338,124
"125",125,"Milwaukee Courier Inc","7 Wiley Post Way",7330,125
"126",126,"Mervis Steel Co","60 S 4th St",2155,126
"127",127,"M Sorkin Sanford Associates","6 Lafayette Street #3034",4489,127
"128",128,"Low Country Kitchen & Bath","35 Jefferson Avenue",4860,128
"129",129,"Spieker Properties","3492 88th St",6521,129
"130",130,"Walker & Brehn Pa","20 Sw 28th Ter",5127,130
"131",131,"U Stor","6 Argyle Rd",2310,131
"132",132,"Moorhead, Michael D Esq","438 E Reynolds Rd #239",7105,132
"133",133,"R M Sloan Co Inc","47 Hall St",4072,133
"134",134,"Star Limousine","17720 Beach Blvd",4075,134
"135",135,"Pioneer Telephone Paging","8 2nd St",7310,135
"136",136,"Communication Buildings Amer","490 Court St",3987,136
"137",137,"Components & Equipment Co","1456 Hill Rd",4871,137
"138",138,"Grand Rapids Right To Life","6 7th St",7260,138
"139",139,"Martin Nighswander & Mitchell","29 Nottingham Way #926",3765,139
"140",140,"Barter Systems Inc","8818 Century Park E #33",3047,140
"141",141,"W R Grace & Co","4 Commerce Center Dr",5093,141
"142",142,"Davis, J Mark Esq","979 S La Cienega Blvd #627",4715,142
"143",143,"Roswell Honda Partners","9181 E 26th St",6068,143
"144",144,"Era Mclachlan John Morgan Real","8855 North Ave",4214,144
"145",145,"Vaughan, James J Esq","4 Spinning Wheel Ln",3701,145
"146",146,"Wzyx 1440 Am","5905 S 32nd St",3714,146
"147",147,"Amercn Spdy Printg Ctrs Ocala","514 Glenn Way",5661,147
"148",148,"A & D Pallet Co","708 S Wilson Way",7252,148
"149",149,"Nationwide Insurance","16949 Harristown Rd",2287,149
"150",150,"Gallagher, Owen Esq","9 13th Ave S",4129,150
"151",151,"Thomas Somerville Co","1 Rock Island Rd #8",2796,151
"152",152,"Unr Rohn","1554 Bracken Crk",3958,152
"153",153,"Cath Lea For Relig & Cvl Rgts","7 10th St W",7460,153
"154",154,"Eagles Nest","9 Cron Hill Dr",3155,154
"155",155,"Epsilon Products Company","82 Tremont St #4",3670,155
"156",156,"Anderson, Julie A Esq","30024 Whipple Ave Nw",2159,156
"157",157,"Oakey & Oakey Abstrct Burnett","900 W Wood Street",4703,157
"158",158,"Pacific Scientific Co","847 Norristown Rd",7301,158
"159",159,"Krausert, Diane D Esq","667 S Highland Dr #4",3465,159
"160",160,"Blaney Sheet Metal","21 W 2nd St",2430,160
"161",161,"Goodknight, David R","2 W Henrietta Rd #6",4826,161
"162",162,"Sullivan & Associates Ltd","82655 Shawnee Mission Pky #5798",3788,162
"163",163,"American Board Of Surgery","9 Taylor Avenue",8275,163
"164",164,"Vernon Manor Hotel","62 J St #450",3889,164
"165",165,"Keith Altizer & Company Pa","2 Pennington St",5015,165
"166",166,"H P Stran & Co","5496 Ne Columbia Blvd",5087,166
"167",167,"Southern National Bank S Car","4244 Lucas Creek Rd",4710,167
"168",168,"American Western Mortgage","79819 Palmetto Avenue",3032,168
"169",169,"Oxner Vallerie","7 N Glenn Rd",4387,169
"170",170,"Rochelle Cold Storage","61 Center St #8",4571,170
"171",171,"Mail Boxes Etc","562 Nw Cornell Rd",846,171
"172",172,"Xandex Inc","48 General George Patton Dr #8611",6430,172
"173",173,"Hander, Deborah G Esq","9 W Passaic St",4081,173
"174",174,"Vinco Furniture Inc","968 Delaware Ave",2017,174
"175",175,"Stamp House","548 Charmonie Ln",3392,175
"176",176,"Burton & Davis","91114 Grand Ave",4555,176
"177",177,"Maier, Kristine M","44 Bush Street",1220,177
"178",178,"J M Edmunds Co Inc","6 Mahler Rd",4564,178
"179",179,"Art Concepts","1 E Main St",4493,179
"180",180,"Richards, Don R Esq","58 State St #998",6057,180
"181",181,"B & B Environmental Inc","11408 Green St",5123,181
"182",182,"Printing Delite","297 8th Ave S #9",2752,182
"183",183,"Weil Mclain Co","1 Wyckoff Avenue",6485,183
"184",184,"Jones, Andrew D Esq","8 E North Ave",2035,184
"185",185,"South Adams Savings Bank","13386 Tamarco Dr #20",3697,185
"186",186,"Universal Granite & Marble Inc","70 W Market St #20",3215,186
"187",187,"Imagelink","53247 Montgomery Street #36",4350,187
"188",188,"Wrrr Fm","9495 Central Hwy #66",6535,188
"189",189,"Lord Aeck & Sargent Architects","2 Route 9",2262,189
"190",190,"Dalbec Agency Inc","75700 Academy Rd",6421,190
"191",191,"Reese Press Inc","6 Monte Ave",4669,191
"192",192,"Stokes, Fred J Esq","5 France Ave S",4581,192
"193",193,"Slachter, David Esq","803 Tupper Ln",4134,193
"194",194,"Girling Health Care Inc","43 Nolan St",7004,194
"195",195,"Welders Supply Service Inc","6 W 39th St",2538,195
"196",196,"Engelbrecht, William H Esq","910 21st St",4871,196
"197",197,"Nancy Brandon Realtor","2677 S Jackson Street",5025,197
"198",198,"Flanagan Lieberman Hoffman","6 Central Avenue #4",5011,198
"199",199,"Walter W Lawrence Ink","564 Almeria Ave #7474",5171,199
"200",200,"Ship It Packaging Inc","4 Grand St",3463,200
"201",201,"Malsbary Mfg Co","9 Hamilton Blvd #299",1245,201
"202",202,"Independence Marine Corp","50638 NorthweStreet Blvd",6550,NA
"203",203,"Anthonys","51 Bridge Avenue",4494,203
"204",204,"L M H Inc","457 St Sebastian Way #189",3095,204
"205",205,"Milgo Industrial Inc","6 Ackerman Rd",3109,205
"206",206,"Rogers, Clay M Esq","8 W Lake St #1",6477,206
"207",207,"Usa Asbestos Co","8454 6  17 M At Bradleys",6008,207
"208",208,"Voils, Otis V","5 Ellestad Dr",2145,208
"209",209,"Oaz Communications","9 N Nevada Ave",2232,209
"210",210,"Elan Techlgy A Divsn Mansol","790 E Wisconsin Ave",7121,210
"211",211,"Norfolk County Newton Lung","60481 N Clark St",820,211
"212",212,"Parker Bush & Lane Pc","43 E Main Street",3791,212
"213",213,"Stylecraft Corporation","5 Madison St #4651",8116,213
"214",214,"Bennett, Matthew T Esq","85 Nw Frontage Rd",6430,214
"215",215,"Highland Meadows Golf Club","584 Meridian St #997",2608,215
"216",216,"Nelson, Michael J Esq","28220 Park Avenue W",4680,216
"217",217,"Henry, Robert J Esq","5 AuStreetin Ave",5244,NA
"218",218,"Mackraft Signs","481 925n N #959",6280,218
"219",219,"Orco State Empl Fed Crdt Un","9 9th St #4",3420,219
"220",220,"Johnsen, Robert U Esq","56232 Hohman Ave",3810,220
"221",221,"Abe Goldstein Ofc Furn","3 Wall St #26",2239,221
"222",222,"Roland Ashcroft","63154 Artesia Blvd",7355,222
"223",223,"Village Meadows","32 E Poythress St",7061,223
"224",224,"Busada Manufacturing Corp","86274 Howell Mill Rd Nw",812,224
"225",225,"Air Flow Co Inc","25488 Brickell Ave",2483,225
"226",226,"Freitag Pc","270 5th Ave",5063,226
"227",227,"Saw Repair & Supply Co","891 Union Pacific Ave #8463",2422,227
"228",228,"Middendorf Meat Quality Foods","4562 Aurora Avenue N",3081,228
"229",229,"Eagle Plywood & Door Mfrs Inc","4864 N 168th Ave",2474,229
"230",230,"Leigh, Lewis R Esq","7 Elm Ave",2704,230
"231",231,"Bare Bones","6508 Adams St #32",3294,231
"232",232,"Avila, Edward G Esq","6434 WeStreetcheStreeter Ave #28",4920,NA
"233",233,"Oregon Handling Equip Co","70680 S Rider Trl",7407,233
"234",234,"Reynolds, Stephen R Esq","700 Factory Ave #5649",4703,234
"235",235,"Credit Union Of The Rockies","3 Cherokee St",6320,235
"236",236,"Sullivan, John M Esq","76542 W Bijou St",3241,236
"237",237,"Henry D Lederman","44009 W 63rd #269",6207,237
"238",238,"Burress, S Paige Esq","462 Morris Avenue",3011,238
"239",239,"Dynetics","1 El Camino Real #603",6462,239
"240",240,"West Pac Environmental Inc","92417 Arbuckle Ct",4824,240
"241",241,"Progressive Machine Co","1 Westpark Dr",6162,241
"242",242,"Berhanu International Foods","5 Montana Ave",4444,242
"243",243,"Mcmillan, Regina E Esq","6629 Main St",3324,243
"244",244,"Central Nebraska Home Care","4 W 18th St",3678,244
"245",245,"Unicircuit Inc","95412 16th St #6",2530,245
"246",246,"F H Overseas Export Inc","17 Kamehameha Hwy",3314,246
"247",247,"Musgrave, R Todd Esq","8650 S Valley View Bld #6941",2877,247
"248",248,"Santek Inc","16 Talmadge Rd",2340,248
"249",249,"Springer Industrial Equip Inc","750 Lancaster Ave",2194,249
"250",250,"Long, Robert B Jr","8808 Northern Blvd",2161,250
"251",251,"Prusax, Maximilian M Esq","76596 Pleasant Hill Rd",4823,251
"252",252,"Custom Jig Grinding","94 Delta Fair Blvd #2702",4715,252
"253",253,"Senior Village Nursing Home","25 Sw End Blvd #609",5311,253
"254",254,"Mchale, Joseph G Esq","15258 W Charleston Blvd",4551,254
"255",255,"Pestmaster Services Inc","75 Ryan Dr #70",2795,255
"256",256,"Moorhead Associates Inc","9634 South St",7186,256
"257",257,"Alb Inc","40490 Morrow Street",4702,257
"258",258,"Atrium Marketing Inc","9 Commerce Cir",4610,258
"259",259,"Machine Design Service Inc","190 34th St #8",6522,259
"260",260,"Mcwhirter Realty Corp","1036 Malone Rd",2330,260
"261",261,"National Mortgage Co","398 Fort Campbell Blvd #923",2494,261
"262",262,"Alvis, John W Esq","2799 Cajon Blvd",4715,262
"263",263,"Community Health Law Project","302 N 10th St #3896",4167,263
"264",264,"Highway Rentals Inc","79346 Firestone Blvd",4871,264
"265",265,"Rapid Reproductions Printing","37564 Grace Ln",2317,265
"266",266,"Autocrat Inc","470 W Irving Park Rd",4670,266
"267",267,"Venino And Venino","6 Jefferson Street",5213,267
"268",268,"Corporex Companies Inc","1758 Park Pl",3084,268
"269",269,"Economy Stainless Supl Co Inc","7659 Market St",2381,269
"270",270,"Dgstv Diseases Cnslnts","95830 Webster Dr",5159,270
"271",271,"Broaches Inc","26 Old William Penn Hwy",4636,271
"272",272,"Woods Manufactured Housing","343 E Main Street",2865,272
"273",273,"Theos Software Corp","8 Cabot Rd",6034,273
"274",274,"Stanco Metal Products Inc","8 Allied Dr",6285,274
"275",275,"Xyvision Inc","26921 Vassar St",4860,275
"276",276,"Carrera Casting Corp","9 Old York Rd #418",5573,276
"277",277,"Asian Jewelry","12398 Duluth Street",1835,277
"278",278,"Southwark Corporation","960 S Arroyo Pkwy",7004,278
"279",279,"Kdhl Am Radio","53 Euclid Ave",2871,279
"280",280,"Kelly, Charles G Esq","700 Wilmson Rd",2799,280
"281",281,"Fennessey Buick Inc","466 Hillsdale Ave",3411,281
"282",282,"Apex Bottle Co","86351 Pine Ave",5146,282
"283",283,"Shamrock Food Service","6139 Contractors Dr #450",6120,283
"284",284,"Plastic Supply Inc","83 Longhurst Rd",5153,284
"285",285,"Gaylord","76 Daylight Way #7",4227,285
"286",286,"Bank Of New York Na","3883 N Central Ave",2560,286
"287",287,"Cole, Gary D Esq","75 E Main",846,287
"288",288,"Gencheff, Nelson E Do","9 Memorial Pky Nw",2150,288
"289",289,"American General Finance","70086 Division St #3",3791,289
"290",290,"Feutz, James F Esq","4 Middletown Blvd #33",7317,290
"291",291,"Kwik Kopy Printing & Copying","20907 65s S",2332,291
"292",292,"Borough Clerk","82136 PoStreet Rd",6497,NA
"293",293,"U S Rentals","3 W Pioneer Dr",7215,293
"294",294,"Katz Brothers Market Inc","5610 Holliday Rd",4412,294
"295",295,"Grossman Tuchman & Shah","29133 Hammond Dr #1",6503,295
"296",296,"American Inst Muscl Studies","51 Greenwood Ave",6030,296
"297",297,"Joyces Submarine Sandwiches","327 Ward Pky",3981,297
"298",298,"Domurad, John M Esq","52680 W Hwy 55 #59",3194,298
"299",299,"Debbies Golden Touch","654 Se 29th St",2298,299
"300",300,"Johnston, George M Esq","65 Clayton Rd",3497,300
"301",301,"Chateau Sonesta Hotel","136 2nd Ave N",4880,301
"302",302,"Superior Trading Co","3 N Michigan Ave",6505,302
"303",303,"Breathitt Fnrl Home & Mnmt Co","1607 Laurel St",3443,303
"304",304,"Viking Lodge","77818 Prince Drew Rd",3995,304
"305",305,"Brown Bear Bait Company","1 Vogel Rd",2166,305
"306",306,"Pakzad Advertising","5 Main St",5291,306
"307",307,"Jean Barbara Ltd","7696 Carey Ave",3309,307
"308",308,"Thurmon, Steven P","76 San Pablo Avenue",5353,308
"309",309,"Bussard, Vicki L Esq","767 9th Ave Sw",3019,309
"310",310,"Stamell Tabacco & Schager","82 Hopkins Plz",6303,310
"311",311,"Aztech Controls Inc","64 Prairie Ave",2331,311
"312",312,"Hutchinson Inc","5 Jackson Street",6131,312
"313",313,"Curtis & Curtis Inc","705 Stanwix St",4934,313
"314",314,"Roane, Matthew H Esq","3318 Buckelew Ave",5480,314
"315",315,"Best Western Gloucester Inn","38494 Port Reading Ave",4064,315
"316",316,"Shine","81 Us Highway 9",4858,316
"317",317,"Schwartz, Seymour I Md","45 Mountain View Ave",5131,317
"318",318,"American Express Publshng Corp","6 W Meadow St",4621,318
"319",319,"Saratoga Land Office","2 Old Corlies Ave",4305,319
"320",320,"Jaywork, John Terence Esq","5614 Public Sq",5205,320
"321",321,"Northbros Co Divsn Natl Svc","6 E Gloria Switch Rd #96",6419,321
"322",322,"Psychotherapy Associates","1 Us Highway 206",3731,322
"323",323,"K J N Advertising Inc","5289 Ramblewood Dr",5871,323
"324",324,"Automatic Feed Co","5 Aquarium Pl #1",6336,324
"325",325,"Newton Clerk","466 Lincoln Blvd",3370,325
"326",326,"Pleasantville Finance Dept","42 United Dr",4355,326
"327",327,"Body Part Connection","5920 E Arapahoe Rd",4740,327
"328",328,"Cooper And Raley","2 New Brooklyn Rd",2138,328
"329",329,"H T Communications Group Ltd","9 34th Ave #69",4205,329
"330",330,"Debbie Reynolds Hotel","32716 N Michigan Ave #82",3645,330
"331",331,"Crew, Robert B Esq","78 Sw Beaverton Hillsdale H",6165,331
"332",332,"Reef Encrustaceans","8494 E 57th Street",6156,332
"333",333,"Reporters Inc","46 Broadway St",5516,333
"334",334,"Arizona Equipment Trnsprt Inc","228 S Tyler St",3782,334
"335",335,"Hub Manufacturing Company Inc","2714 Beach Blvd",6394,335
"336",336,"Dippin Flavors","3266 Welsh Rd",4227,336
"337",337,"Harfred Oil Co","1 S Maryland Pky",4454,337
"338",338,"Wilheim, Kari A Esq","6 De Belier Rue",6210,338
"339",339,"Gilardis Frozen Food","57869 Alemany Blvd",6983,339
"340",340,"Ronald Massingill Pc","39 Plummer St",2323,340
"341",341,"Colosi, Darryl J Esq","78717 Graves Ln",4019,341
"342",342,"Tripuraneni, Prabhakar Md","30338 S Dunworth Street",5401,342
"343",343,"Carlyle Abstract Co","6 Walnut St",3008,343
"344",344,"Streator Onized Fed Crdt Un","2244 Franquette Ave",2263,344
"345",345,"Valley Hi Bank","9892 Hernando W",2474,345
"346",346,"Pep Boys Manny Moe & Jack","9296 Prince Rodgers Ave",2469,346
"347",347,"Knights Inn","9 Chandler Ave #355",2539,347
"348",348,"Telcom Communication Center","173 Howard Avenue",4497,348
"349",349,"Bell Electric Co","3216 W Wabansia Ave",2901,349
"350",350,"Signs Now","947 W Harrison St #640",2084,350
"351",351,"Chieftain Four Inc","94843 Trabold Rd #59",7040,351
"352",352,"South Carolina State Housing F","8 Lincoln Way W #6698",6402,352
"353",353,"Lucas Cntrl Systems Prod Deeco","262 Montauk Blvd",3126,353
"354",354,"J C S Iron Works Inc","5040 Teague Rd #65",2663,354
"355",355,"Lsr Pokorny Schwartz Friedman","54648 Hylan Blvd #883",6532,355
"356",356,"Branom Instrument Co","7463 Elmwood Park Blvd",5236,356
"357",357,"Young, Craig C Md","630 E Plano Pky",4494,357
"358",358,"Midwest Marketing Inc","166 N Maple Dr",2447,358
"359",359,"Korolishin, Michael Esq","20 Meadow Ln",3810,359
"360",360,"Perrysburg Animal Care Inc","73 Robert S",7141,360
"361",361,"Hospitality Design Group","512 E Idaho St",2550,361
"362",362,"Ciba Geigy Corp","98021 Harwin Dr",6632,362
"363",363,"Robinson, Michael C Esq","892 Sw Broadway #8",3000,363
"364",364,"De Woskin, Alan E Esq","192 N Sheffield Ave",4405,364
"365",365,"Alumi Span Inc","5 Columbia Pike",2304,365
"366",366,"M C Publishing","35983 Daubert St",2440,366
"367",367,"Phoenix Marketing Rep Inc","678 S Main Street",6521,367
"368",368,"Remc South Eastern","532 Saint Marks Ct",2420,368
"369",369,"Curran, Carol N Esq","1337 N 26th St",4217,369
"370",370,"Faber Castell Corporation","556 Bernardo Cent",6113,370
"371",371,"Palmetto Food Equipment Co Inc","9561 Chartres St",5230,371
"372",372,"Greater Ky Corp","11999 Main Street",2920,372
"373",373,"Kajo 1270 Am Radio","495 Distribution Dr #996",4260,373
"374",374,"Fried, Monte Esq","49 Walnut St",2600,374
"375",375,"Dayer Real Estate Group","85 S Washington Ave",6225,375
"376",376,"On Your Feet","72984 W 1st St",7250,376
"377",377,"South Side Machine Works Inc","3 Ridge Rd W #949",5495,377
"378",378,"Milner Inn","2 Landmeier Rd",2580,378
"379",379,"United Mortgage","82 W Market St",6320,379
"380",380,"Cahill, Steven J Esq","89 N Himes Ave",2331,380
"381",381,"G Whitfield Richards Co","62296 S Elliott Rd #2",6318,381
"382",382,"Cuzzo, Michael J Esq","8 S Main Street",6358,382
"383",383,"Swanson Travel","50808 A Pamalee Dr",5051,383
"384",384,"Jackson, Brian C","30691 Poplar Ave #4",3223,384
"385",385,"Fables Gallery","80968 Armitage Ave",5724,385
"386",386,"Forsyth Steel Co","5 Pittsburg St",4718,386
"387",387,"Lally, Lawrence D Esq","812 Berry Blvd #96",3128,387
"388",388,"Sassy Lassie Dolls","73 12th St",820,388
"389",389,"Performance Consulting Grp Inc","27730 American Ave",3008,389
"390",390,"Padrick, Comer W Jr","72 Park Ave",6042,390
"391",391,"Analytical Laboratories","59215 W 80th St",2710,391
"392",392,"Signs Of The Times","186 Geary Blvd #923",2766,392
"393",393,"Brown, Alan Esq","717 Midway Pl",4697,393
"394",394,"Biancas La Petite French Bkry","68 Camden Rd",2550,394
"395",395,"Williams Design Group","175 N Central Ave",4120,395
"396",396,"Community Communication Servs","80896 South Ave",3216,396
"397",397,"Hampton Inn Hotel","6584 S Bascom Ave #371",4221,397
"398",398,"Hoffman, Carl Esq","64865 Main St",6159,398
"399",399,"Sonoco Products Co","62171 E 6th Ave",2609,399
"400",400,"Brattleboro Printing Inc","67729 180th St",2426,400
"401",401,"Scientific Agrcltl Svc Inc","7721 Harrison St",2218,401
"402",402,"Booster Farms","5351 E Thousand Oaks Blvd",2563,402
"403",403,"Accent Copy Center Inc","5 Carpenter Avenue",5825,403
"404",404,"Mccaffreys Supermarket","374 Sunrise Ave",6556,404
"405",405,"Chemex Labs Ltd","68538 N Bentz St #1451",3501,405
"406",406,"Galaxie Displays Inc","23 S Orange Ave #55",2477,406
"407",407,"Harris, Eric C Esq","4373 Washington Street",4356,407
"408",408,"Tarix Printing","61550 S Figueroa St",2024,408
"409",409,"Chem Aqua","8 N Town East Blvd",3236,409
"410",410,"Kern Valley Printing","2452 Bango Rd",2621,410
"411",411,"American Speedy Printing Ctrs","8219 Roswell Rd Ne",6247,411
"412",412,"Doane Products Company","3 Davis Blvd",6572,412
"413",413,"Jerico Group","1 S Marginal Rd",6042,413
"414",414,"Mortenson Broadcasting Co","78 S Robson",4355,414
"415",415,"M & M Quality Printing","2749 Van Nuys Blvd",3265,415
"416",416,"Georgia Business Machines","722 E Liberty St",2669,416
"417",417,"Leo, Frank M","9 Gunnison Street",2761,417
"418",418,"S E M A","2902 Edison Dr #278",6210,418
"419",419,"Arthur Andersen & Co","72 N Buckeye Ave",3465,419
"420",420,"Triangle Engineering Inc","41 E Jackson St",6156,420
"421",421,"Schmidt, Charles E Jr","684 William St",3561,421
"422",422,"Emess Professional Svces","185 W Guadalupe Rd",3875,422
"423",423,"White, Mark A Cpa","18514 E 4th St #8",3481,423
"424",424,"Vicon Corporation","28 Standiford Ave #6",4670,424
"425",425,"Turl Engineering Works","33108 S Yosemite Ct",3207,425
"426",426,"Deep Creek Pharmacy","73778 Battery St",5159,426
"427",427,"Mister Bagel","351 Crooks Rd",3900,427
"428",428,"Howard Winig Realty Assocs Inc","8 Glenn Way #3",6701,428
"429",429,"Jordan, Mark D Esq","8 W Virginia St",3468,429
"430",430,"Marin Sun Printing","65484 Bainbridge Rd",2751,430
"431",431,"Verde, Louis J Esq","156 Morris St",5652,431
"432",432,"Convum Internatl Corp","1881 Market Street",7404,432
"433",433,"Thomas Torto Constr Corp","6 Kings St #4790",3456,433
"434",434,"Astromatic","9787 Dunksferry Rd",4207,434
"435",435,"Kuhio Photo","13 Blanchard St #996",5723,435
"436",436,"Lehigh Furn Divsn Lehigh","2 Pompton Ave",2082,436
"437",437,"Okon Inc","2867 InduStreetrial Way",6018,NA
"438",438,"Postlewaite, Jack A Esq","850 Warwick Blvd #58",6514,438
"439",439,"Regent Consultants Corp","2 Ellis Rd",6608,439
"440",440,"Hinkson Cooper Weaver Inc","80 Monroe St",3758,440
"441",441,"Spclty Fastening Systems Inc","71089 Queens Blvd",6165,441
"442",442,"Rudolph, William S Cpa","66094 Pioneer Rd",4670,442
"443",443,"Choo Choo Caboose At Jade Bbq","66 Congress St",4023,443
"444",444,"Anthony & Langford","44 105th Ave",4555,444
"445",445,"Shapiro Bag Company","40809 Rockburn Hill Rd",2259,445
"446",446,"Lescure Company Inc","9 Green Rd #5877",2793,446
"447",447,"Higgins, Daniel B Esq","63 W 41Street Ave #93",4741,NA
"448",448,"Dot Pitch Electronics","2 Stirrup Dr #4907",3442,448
"449",449,"Henri D Kahn Insurance","19 Court St",6076,449
"450",450,"Test Tools Inc","3 Hwy 61 #2491",4755,450
"451",451,"Rachmel & Company Cpa Pa","97539 Connecticut Ave Nw #3586",7200,451
"452",452,"Hermann Assocs Inc Safe Mart","59 Murray Hill Pky",3801,452
"453",453,"Palmer Publications Inc","15 W 11mile Rd",8321,453
"454",454,"Southern Imperial Inc","709 New Market St",1455,454
"455",455,"United Water Resources Inc","324 Shawnee Mission Pky",6447,455
"456",456,"Burke, Jonathan H Esq","37 Saint Louis Ave #292",5240,456
"457",457,"Nurses Ofr Newborns","80289 Victory Ave #9",5416,457
"458",458,"Para Laboratories","16 Governors Dr Sw",5483,458
"459",459,"New Orleans Credit Service Inc","4 E Aven #284",2323,459
"460",460,"Signs By Berry","262 8th St",7151,460
"461",461,"Saum, Scott J Esq","79 State Route 35",3195,461
"462",462,"Ulrich, Lawrence M Esq","75 Blackington Ave",6545,462
"463",463,"Stewart Levine & Davis","6 Abbott Rd",4895,463
"464",464,"Bark Eater Inn","5159 Saint Ann St",3451,464
"465",465,"Reich, Richard J Esq","26 Ripley St #5444",2068,465
"466",466,"Kappus Co","39828 Abbott Rd",4001,466
"467",467,"Terri, Teresa Hutchens Esq","2495 Beach Blvd #557",6452,467
"468",468,"Hong Iwai Hulbert & Kawano","3 Bustleton Avenue",4740,468
"469",469,"Fraser Dante Ltd","7 N 4th St",4313,469
"470",470,"Die Craft Stamping","1 National Plac #6619",821,470
"471",471,"Sako, Bradley T Esq","248 Academy Rd",7173,471
"472",472,"Country Comfort","2 Streetate Hwy",2629,472
"473",473,"Amberley Suite Hotels","6 W Cornelia Avenue",5455,473
"474",474,"Warren Leadership","461 S Fannin Ave",6106,474
"475",475,"Alexander, David T Esq","51255 Tea Town Rd #9",6532,475
"476",476,"Fairfield Inn By Marriott","93 Bloomfield Ave #829",2650,476
"477",477,"Skyline Lodge & Restaurant","5775 Mechanic Street #517",6320,477
"478",478,"Aviation Design","3 Industrial Blvd",6623,478
"479",479,"Malmon, Alvin S Esq","8202 Cornwall Rd",4562,479
"480",480,"Transit Cargo Services Inc","53597 W Clarendon Ave",2312,480
"481",481,"Comfort Inn Of Revere","577 Cleveland Ave",2755,481
"482",482,"Duncan & Associates","259 1Street Ave",4956,NA
"483",483,"Philip Kingsley Trichological","79 Mechanic St",5615,483
"484",484,"Burlington Homes Of Maine","269 Executive Dr",2850,484
"485",485,"Carson, Scott W Esq","79 Runamuck Pl",2429,485
"486",486,"Dewitt Cnty Fed Svngs & Ln","31 Guilford Rd #7904",4712,486
"487",487,"Art Material Services Inc","504 Streeteve Dr",2326,487
"488",488,"Consolidated Manufacturing Inc","407 E 57th Avenue",2480,488
"489",489,"Reliance Credit Union","72 W Ripley Ave",4401,489
"490",490,"Sinclair Machine Products Inc","75 Elm Rd #1190",2601,490
"491",491,"Kent, Wendy M Esq","32 Broadway St",7285,491
"492",492,"Dixon, Eric D Esq","41 Washington Blvd",3914,492
"493",493,"Wood Sign & Banner Co","5 Buford Hwy Ne #3",5362,493
"494",494,"Adkins, Russell Esq","6 Flex Ave",2339,494
"495",495,"Danform Shoe Stores","21058 Massillon Rd",3038,495
"496",496,"Antietam Cable Television","28465 Downey Ave #4238",4490,496
"497",497,"Lombardi Bros Inc","2803 N Catalina Ave",2388,497
"498",498,"Nathaniel Electronics","22 Livingston Avenue",2138,498
"499",499,"Rodriguez, Joseph A Esq","403 Conn Valley Rd",6450,499
"500",500,"Stilling, William J Esq","5400 Market St",2851,500
